Res.No,Res.Name,Res.Type,Check-In,Check-Out,No.Rooms,Room Type,Occupants Total Cost
7498,ciarabrod,S,16/11/2021,20/11/2021,2,Deluxe Double,2,670.0
7499,ciarabrod,AP,16/11/2021,20/11/2021,3,Deluxe Double,3,90.0
7502,ciarabrod,S,16/11/2021,8/11/2021,3,Executive Twin,3,77.0
7503,ciarabrod,S,9/11/2021,24/11/2021,1,Executive Double,3,70.0
7504,ciarabrod,AP,14/12/2021,18/12/2021,1,Deluxe Twin,1,304.0
7505,Micheal,S,1/12/2021,4/12/2021,2,Deluxe Twin,2,490.0
7506,Micheal,AP,1/1/2022,3/1/2022,1,Classic Double,2,137.75
7507,Ameen,AP,22/12/2021,24/12/2021,1,Deluxe Double,1,147.25
7508,Ameen,AP,13/1/2022,16/2/2022,4,Deluxe Family,2,11096.0
7512,Dom,AP,25/12/2021,28/12/2021,1,Deluxe Double,2,228.0
